Workbook

Sheet Tableau de Bord
A1: PERMATEL — SUIVI DES TÂCHES
A2: Plan d'action · Audit du 2026-05-10 · Dernière mise à jour : 2026-08-14 (Phase 6 ERP livrée — fondations transverses)
A4: Total Tâches | B4: À faire | C4: En cours | D4: Complétées | E4: Bloquées | G4: Avancement Global
A5: =COUNTA(Tâches!A4:A200)-1 | B5: =COUNTIF(Tâches!G4:G200,"À faire") | C5: =COUNTIF(Tâches!G4:G200,"En cours") | D5: =COUNTIF(Tâches!G4:G200,"Complété") | E5: =COUNTIF(Tâches!G4:G200,"Bloqué") | G5: =IFERROR(D5/A5,0)
A7: AVANCEMENT PAR PHASE
A8: Phase | B8: Description | C8: Durée | D8: Nb tâches | E8: Complétées | F8: % Phase
A9: Phase 1 | B9: PHASE 1 — Sécurité | C9: ~2j | D9: 5 | E9: =COUNTIFS(Tâches!B4:B200,"Phase 1",Tâches!G4:G200,"Complété") | F9: =IFERROR(E9/D9,0)
A10: Phase 2 | B10: PHASE 2 — Backend complet | C10: ~5j | D10: 5 | E10: =COUNTIFS(Tâches!B4:B200,"Phase 2",Tâches!G4:G200,"Complété") | F10: =IFERROR(E10/D10,0)
A11: Phase 3 | B11: PHASE 3 — Tests | C11: ~4j | D11: 4 | E11: =COUNTIFS(Tâches!B4:B200,"Phase 3",Tâches!G4:G200,"Complété") | F11: =IFERROR(E11/D11,0)
A12: Phase 4 | B12: PHASE 4 — Frontend métier | C12: ~10j | D12: 7 | E12: =COUNTIFS(Tâches!B4:B200,"Phase 4",Tâches!G4:G200,"Complété") | F12: =IFERROR(E12/D12,0)
A13: Phase 5 | B13: PHASE 5 — Qualité & Production | C13: ~2j | D13: 5 | E13: =COUNTIFS(Tâches!B4:B200,"Phase 5",Tâches!G4:G200,"Complété") | F13: =IFERROR(E13/D13,0)
A14: Phase 6 | B14: PHASE 6 — Odoo : Fondations | C14: ~4j | D14: 10 | E14: =COUNTIFS(Tâches!B4:B200,"Phase 6",Tâches!G4:G200,"Complété") | F14: =IFERROR(E14/D14,0)
A15: Phase 7 | B15: PHASE 7 — Odoo : Infra + Partenaires (F1) | C15: ~5j | D15: 5 | E15: =COUNTIFS(Tâches!B4:B200,"Phase 7",Tâches!G4:G200,"Complété") | F15: =IFERROR(E15/D15,0)
A16: Phase 8 | B16: PHASE 8 — Odoo : Commande → Devis/Facture (F2/F4) | C16: ~3.5j | D16: 4 | E16: =COUNTIFS(Tâches!B4:B200,"Phase 8",Tâches!G4:G200,"Complété") | F16: =IFERROR(E16/D16,0)
A17: Phase 9 | B17: PHASE 9 — Odoo : Vacation → Feuille de temps (F3) | C17: ~1j | D17: 1 | E17: =COUNTIFS(Tâches!B4:B200,"Phase 9",Tâches!G4:G200,"Complété") | F17: =IFERROR(E17/D17,0)
A18: Phase 10 | B18: PHASE 10 — Odoo : Planning agents (F5) | C18: ~4.5j | D18: 3 | E18: =COUNTIFS(Tâches!B4:B200,"Phase 10",Tâches!G4:G200,"Complété") | F18: =IFERROR(E18/D18,0)
A20: Phase 11 | B20: PHASE 11 — Téléphonie : Fondations backend | C20: ~6.5j | D20: 7 | E20: =COUNTIFS(Tâches!B4:B200,"Phase 11",Tâches!G4:G200,"Complété") | F20: =IFERROR(E20/D20,0)
A21: Phase 11bis | B21: PHASE 11bis — Téléphonie : Infra WebSocket (Flask-SocketIO) | C21: ~3j | D21: 4 | E21: =COUNTIFS(Tâches!B4:B200,"Phase 11bis",Tâches!G4:G200,"Complété") | F21: =IFERROR(E21/D21,0)
A22: Phase 12 | B22: PHASE 12 — Téléphonie : Connecteur FusionPBX (ESL) | C22: ~7j | D22: 15 | E22: =COUNTIFS(Tâches!B4:B200,"Phase 12",Tâches!G4:G200,"Complété") | F22: =IFERROR(E22/D22,0)
A23: Phase 13 | B23: PHASE 13 — Téléphonie : Supervision frontend (WebSocket) | C23: ~5j | D23: 3 | E23: =COUNTIFS(Tâches!B4:B200,"Phase 13",Tâches!G4:G200,"Complété") | F23: =IFERROR(E23/D23,0)
A24: Phase 14 | B24: PHASE 14 — Téléphonie : Webhook CDR + Rapports | C24: ~2.5j | D24: 4 | E24: =COUNTIFS(Tâches!B4:B200,"Phase 14",Tâches!G4:G200,"Complété") | F24: =IFERROR(E24/D24,0)
A25: Phase 15 | B25: PHASE 15 — Téléphonie : Connecteur Asterisk (AMI) | C25: ~2.5j | D25: 2 | E25: =COUNTIFS(Tâches!B4:B200,"Phase 15",Tâches!G4:G200,"Complété") | F25: =IFERROR(E25/D25,0)
A26: Phase 16 | B26: PHASE 16 — Rapports enrichis (prises de service, géoIP, filtre CDR) | C26: ~2j | D26: 4 | E26: =COUNTIFS(Tâches!B4:B200,"Phase 16",Tâches!G4:G200,"Complété") | F26: =IFERROR(E26/D26,0)
A27: Phase 17 | B27: PHASE 17 — Profil utilisateur (self-service) | C27: ~0.5j | D27: 1 | E27: =COUNTIFS(Tâches!B4:B200,"Phase 17",Tâches!G4:G200,"Complété") | F27: =IFERROR(E27/D27,0)
A28: LÉGENDE — STATUTS
A29: À faire | B29: En cours | C29: Complété | D29: Bloqué | E29: Abandonné

Sheet Tâches
A1: REGISTRE DES TÂCHES — PERMATEL
A2: Mettre à jour le statut et la date de complétion après chaque tâche terminée.
A4: ID | B4: Phase | C4: Domaine | D4: Priorité | E4: Titre | F4: Description | G4: Statut | H4: Effort | I4: Fichiers impactés | J4: Dépendances | K4: Date début | L4: Date fin | M4: Notes
A5: 1.1 | B5: Phase 1 | C5: Sécurité | D5: 🔴 Critique | E5: Réactiver @jwt_required() + @tenant_required() sur clients, sites, contacts | F5: Décommenter les 20 @jwt_required(), remplacer par @tenant_required(). Filtrer chaque endpoint par g.tenant.id. | G5: Complété | H5: ½j | I5: routes/clients.py · sites.py · contacts.py | K5: 2026-05-10 | L5: 2026-05-10
A6: 1.2 | B6: Phase 1 | C6: Sécurité | D6: 🔴 Critique | E6: Appliquer @role_required() aux endpoints d'administration | F6: Tenants création/suppression = ADMIN. Users création/update role = ADMIN. Demandes clôture = MANAGER|ADMIN. | G6: Complété | H6: ½j | I6: routes/tenants.py · users.py · demandes.py | K6: 2026-05-10 | L6: 2026-05-10
A7: 1.3 | B7: Phase 1 | C7: Infra | D7: 🔴 Critique | E7: Corriger docker-compose.yml pour utiliser des variables d'environnement | F7: Remplacer credentials et JWT_SECRET_KEY hardcodés par ${VAR}. Créer .env.example documenté. | G7: Complété | H7: 2h | I7: docker-compose.yml · .env.example (nouveau) | K7: 2026-05-10 | L7: 2026-05-10
A8: 1.4 | B8: Phase 1 | C8: Frontend | D8: 🔴 Critique | E8: Brancher la guard de navigation Vue Router sur le store Pinia | F8: Remplacer isAuthenticated=false par authStore.isAuthenticated. Gérer redirect returnUrl. | G8: Complété | H8: 2h | I8: frontend/src/router/index.js | K8: 2026-05-10 | L8: 2026-05-10
A9: 1.5 | B9: Phase 1 | C9: Frontend | D9: 🔴 Critique | E9: Ajouter l'intercepteur de refresh automatique des tokens | F9: Sur 401: appeler /api/auth/refresh, mettre à jour store, rejouer requête. Si refresh échoue: logout + redirect /login. | G9: Complété | H9: ½j | I9: services/http/interceptor.js · store/auth.js | J9: 1.4 | K9: 2026-05-10 | L9: 2026-05-10
A10: 2.1 | B10: Phase 2 | C10: Backend | D10: 🟡 Haute | E10: Réactiver et compléter le blueprint Prestataires | F10: Décommenter dans __init__.py. Écrire CRUD complet avec @tenant_required(). Prérequis pour 2.2. | G10: Complété | H10: 1j | I10: routes/prestataires.py · app/__init__.py | M10: [Audit 14/08] déjà implémenté (routes réellement enregistrées dans app/__init__.py / flow select-tenant en place côté frontend) — dates de complétion non tracées à l'époque.
A11: 2.2 | B11: Phase 2 | C11: Backend | D11: 🟡 Haute | E11: Créer les routes Agents de sécurité | F11: Blueprint /api/agents-securite. CRUD + filtrage tenant. Recherche par matricule. Dépend de 2.1. | G11: Complété | H11: 1j | I11: routes/agents_securite.py (nouveau) · app/__init__.py | J11: 2.1 | M11: [Audit 14/08] déjà implémenté (routes réellement enregistrées dans app/__init__.py / flow select-tenant en place côté frontend) — dates de complétion non tracées à l'époque.
A12: 2.3 | B12: Phase 2 | C12: Backend | D12: 🟡 Haute | E12: Créer les routes Interactions (sous-ressource de Demandes) | F12: GET /api/demandes/{id}/interactions, POST création. Si type=CHANGEMENT_STATUT, mettre à jour statut demande. | G12: Complété | H12: 1j | I12: routes/demandes.py ou interactions.py (nouveau) | M12: [Audit 14/08] déjà implémenté (routes réellement enregistrées dans app/__init__.py / flow select-tenant en place côté frontend) — dates de complétion non tracées à l'époque.
A13: 2.4 | B13: Phase 2 | C13: Backend | D13: 🟡 Haute | E13: Créer les routes Fichiers (upload/download) | F13: POST upload multipart, GET liste, GET download. Chemin isolé par tenant. Validation type MIME + taille max. | G13: Complété | H13: 1j | I13: routes/fichiers.py (nouveau) · app/__init__.py | M13: [Audit 14/08] déjà implémenté (routes réellement enregistrées dans app/__init__.py / flow select-tenant en place côté frontend) — dates de complétion non tracées à l'époque.
A14: 2.5 | B14: Phase 2 | C14: Frontend | D14: 🟡 Haute | E14: Implémenter le flow select-tenant côté frontend | F14: Après login si tenants.length > 1: afficher modale. Appeler /api/auth/select-tenant. Stocker tid dans store. | G14: Complété | H14: ½j | I14: store/auth.js · views/TenantSelectView.vue (nouveau) | J14: 1.4 | M14: [Audit 14/08] déjà implémenté (routes réellement enregistrées dans app/__init__.py / flow select-tenant en place côté frontend) — dates de complétion non tracées à l'époque.
A15: 3.1 | B15: Phase 3 | C15: Tests | D15: 🟢 Normale | E15: Tests Auth — login, logout, refresh | F15: Login OK/KO/inactif/sans tenant. Logout révocation. Double logout. Refresh OK/inactivité/révoqué. | G15: Complété | H15: 1j | I15: tests/test_auth_login.py · test_auth_logout.py · test_auth_refresh.py | M15: [Audit 14/08] fichiers de tests existent et sont complets (test_auth_login.py, test_auth_logout.py, test_auth_refresh.py, test_clients.py, test_users.py, test_demandes.py, etc. — 394 tests backend au total).
A16: 3.2 | B16: Phase 3 | C16: Tests | D16: 🟢 Normale | E16: Tests Clients, Sites, Contacts | F16: Pour chaque: list, get, create, update, deactivate. Tester isolation tenant A vs B. | G16: Complété | H16: 1j | I16: tests/test_clients.py · test_sites.py · test_contacts.py | J16: 1.1 | M16: [Audit 14/08] fichiers de tests existent et sont complets (test_auth_login.py, test_auth_logout.py, test_auth_refresh.py, test_clients.py, test_users.py, test_demandes.py, etc. — 394 tests backend au total).
A17: 3.3 | B17: Phase 3 | C17: Tests | D17: 🟢 Normale | E17: Tests Users & Demandes | F17: Users: CRUD + restriction rôle. Demandes: 4 types, changement statut, assignation, clôture. | G17: Complété | H17: 1j | I17: tests/test_users.py · test_demandes.py | M17: [Audit 14/08] fichiers de tests existent et sont complets (test_auth_login.py, test_auth_logout.py, test_auth_refresh.py, test_clients.py, test_users.py, test_demandes.py, etc. — 394 tests backend au total).
A18: 3.4 | B18: Phase 3 | C18: Tests | D18: 🟢 Normale | E18: Tests Interactions & Fichiers | F18: Interactions: création + changement statut auto. Fichiers: upload/download, MIME, isolation tenant. | G18: Complété | H18: 1j | I18: tests/test_interactions.py · test_fichiers.py (nouveaux) | J18: 2.3 | M18: [Audit 14/08] fichiers de tests existent et sont complets (test_auth_login.py, test_auth_logout.py, test_auth_refresh.py, test_clients.py, test_users.py, test_demandes.py, etc. — 394 tests backend au total).
A19: 4.1 | B19: Phase 4 | C19: Frontend | D19: 🔵 Normale | E19: Services API génériques (clients, sites, contacts, demandes, users) | F19: Un fichier service par ressource sur le modèle authService.js. Pas de fetch direct dans les composants. | G19: Complété | H19: ½j | I19: frontend/src/services/*.js (nouveaux) | J19: 1.1 | M19: [Audit 14/08] frontend intégralement livré, architecturé différemment du plan initial (pas de vue DemandesView.vue unique : IssuesView/OrdersView/ShiftsView par type de demande + Workspace pour la création ; navigation réelle = Menu2.vue, pas Navigation.vue, orpheline).
A20: 4.2 | B20: Phase 4 | C20: Frontend | D20: 🔵 Normale | E20: Vue Clients — liste, détail, formulaire | F20: v-data-table avec recherche/pagination. Formulaire dans dialog. Afficher sites rattachés. Routes /clients, /clients/:id. | G20: Complété | H20: 1.5j | I20: views/ClientsView.vue · ClientDetailView.vue · router/index.js | J20: 4.1 | M20: [Audit 14/08] frontend intégralement livré, architecturé différemment du plan initial (pas de vue DemandesView.vue unique : IssuesView/OrdersView/ShiftsView par type de demande + Workspace pour la création ; navigation réelle = Menu2.vue, pas Navigation.vue, orpheline).
A21: 4.3 | B21: Phase 4 | C21: Frontend | D21: 🔵 Normale | E21: Vue Sites & Contacts | F21: Sites: liste filtrée par client. Contacts: recherche par nom/fonction, liens clients/sites. | G21: Complété | H21: 1.5j | I21: views/SitesView.vue · ContactsView.vue · router/index.js | J21: 4.1 | M21: [Audit 14/08] frontend intégralement livré, architecturé différemment du plan initial (pas de vue DemandesView.vue unique : IssuesView/OrdersView/ShiftsView par type de demande + Workspace pour la création ; navigation réelle = Menu2.vue, pas Navigation.vue, orpheline).
A22: 4.4 | B22: Phase 4 | C22: Frontend | D22: 🔵 Normale | E22: Vue Demandes — liste, création par type, détail + timeline | F22: Filtres (statut/priorité/type/client). 4 sous-formulaires. Timeline interactions + PJ. Routes /demandes, /demandes/new, /demandes/:id. | G22: Complété | H22: 3j | I22: views/DemandesView.vue · DemandeDetailView.vue + composants | J22: 4.1 | M22: [Audit 14/08] frontend intégralement livré, architecturé différemment du plan initial (pas de vue DemandesView.vue unique : IssuesView/OrdersView/ShiftsView par type de demande + Workspace pour la création ; navigation réelle = Menu2.vue, pas Navigation.vue, orpheline).
A23: 4.5 | B23: Phase 4 | C23: Frontend | D23: 🔵 Normale | E23: Brancher le Dashboard sur l'API réelle | F23: Remplacer useMockDashboardData.js par composable avec vrais appels. Ajouter /api/dashboard/stats backend. | G23: Complété | H23: 2j | I23: composables/useDashboardData.js · routes: /api/dashboard/stats (nouveau) | J23: 4.1 | M23: [Audit 14/08] frontend intégralement livré, architecturé différemment du plan initial (pas de vue DemandesView.vue unique : IssuesView/OrdersView/ShiftsView par type de demande + Workspace pour la création ; navigation réelle = Menu2.vue, pas Navigation.vue, orpheline).
A24: 4.6 | B24: Phase 4 | C24: Frontend | D24: 🔵 Normale | E24: Navigation globale et layout authentifié | F24: Menu latéral avec tous les liens. Afficher rôle et tenant actif. Bouton déconnexion. Menus conditionnels par rôle. | G24: Complété | H24: 1j | I24: components/Navigation.vue · Header.vue | J24: 1.4 | M24: [Audit 14/08] frontend intégralement livré, architecturé différemment du plan initial (pas de vue DemandesView.vue unique : IssuesView/OrdersView/ShiftsView par type de demande + Workspace pour la création ; navigation réelle = Menu2.vue, pas Navigation.vue, orpheline).
A25: 5.1 | B25: Phase 5 | C25: Qualité | D25: ⚪ Basse | E25: Supprimer les fichiers orphelins à la racine | F25: api.js, axios.js, main.css à la racine. Vérifier qu'ils ne sont importés nulle part puis supprimer après validation. | G25: À faire | H25: 30m | I25: api.js · axios.js · main.css (racine projet) | M25: [Audit 14/08] confirmé toujours présent (api.js/axios.js/main.css à la racine, non importés par frontend/src) — non fait.
A26: 5.2 | B26: Phase 5 | C26: Qualité | D26: ⚪ Basse | E26: Vérifier SQLALCHEMY_ECHO désactivé en production | F26: Confirmer ProductionConfig. Ajouter WARNING si DEBUG=False et ECHO=True. | G26: Complété | H26: 30m | I26: app/config.py | M26: [Audit 14/08] ProductionConfig.SQLALCHEMY_ECHO=False confirmé (app/config.py). Le WARNING runtime mentionné dans la description n'a pas été ajouté (mineur, non bloquant).
A27: 5.3 | B27: Phase 5 | C27: Documentation | D27: ⚪ Basse | E27: Mettre à jour README.md et PROJECT_STRUCTURE.md | F27: Nouveaux endpoints, flow multi-tenant, état réel. Ajouter changelog horodaté. Déplacer docs/ si nécessaire. | G27: Complété | H27: 1j | I27: README.md · PROJECT_STRUCTURE.md | M27: [Audit 14/08] tenus à jour en continu via changelogs versionnés depuis (dernière entrée : v1.10.0, 14/08).
A28: 5.4 | B28: Phase 5 | C28: Tests | D28: ⚪ Basse | E28: Audit final et couverture de tests (objectif 80%+) | F28: pytest --cov=app --cov-report=html. Identifier zones non couvertes. Tester migrations sous Docker PostgreSQL. | G28: En cours | H28: ½j | I28: backend/tests/ · docker-compose.yml | J28: 3.4 | M28: Baseline formelle mesuree le 14/08 : pytest --cov=app -> 64% global (7735 stmts, 2786 miss), 398 tests. Points forts (>=95%) : models/ quasi tous, routes/telephony.py 87%, routes/auth.py 85%. Points faibles notables : services/reencrypt.py 0%, routes/settings.py 19%, routes/prestataires.py 20%, scripts/seed_prestataires.py 11%, utils/crypto.py 54%, utils/login_throttle.py 59%, services/sla.py 51%, routes/demandes.py 62%. Objectif 80%+ delibrement reporte a un chantier dedie futur (scope trop large pour cette passe) — decision actee avec l'utilisateur le 14/08.
A29: 6.1 | B29: Phase 6 | C29: Backend | D29: 🟡 Haute | E29: Flag tenant integrations.erp (channel_erp) | F29: Colonne Tenant.channel_erp (motif channel_telephonie/email/chat), pas une dérivation pure dans tenant_features() — écart assumé par rapport à la note initiale ("channel_odoo écarté") : le motif column-on-Tenant déjà utilisé pour téléphonie/email/chat a été jugé plus cohérent qu'une exception. Exposé via tenant_features() (ch["erp"], config_state.erp_configured, integrations.erp). | G29: Complété | H29: ½j | I29: app/models/tenant.py · app/services/tenant_features.py · app/routes/tenants.py · migrations/versions/c1b16fed65e1_erp_foundations.py | K29: 2026-08-14 | L29: 2026-08-14 | M29: [14/08] Erp, pas Odoo (préfixe générique du plan, décision actée). Éditable via PUT /api/tenants/<id> (ADMIN global), même contrat que les channel_* existants.
A30: 6.2 | B30: Phase 6 | C30: Backend | D30: 🟡 Haute | E30: Modèle + migration ErpConfig | F30: 1 ligne par tenant : company_id ERP (instance partagée, pas de base/URL par tenant — §2.3) + 3 champs EncryptedText (url_erp/admin_username/admin_password) pour l'accès direct admin (§4.4, voir 6.9). TypeDecorator EncryptedText déjà présent (crypto.py, Email.subject/body_text) mais jusqu'ici jamais réutilisé ailleurs — désormais un 2e usage. | G30: Complété | H30: 1j | I30: app/models/erp.py (nouveau) · migrations/versions/c1b16fed65e1_erp_foundations.py | J30: 6.1 | K30: 2026-08-14 | L30: 2026-08-14 | M30: [14/08] Nom de fichier/table erp_config (pas odoo.py/odoo_config) — cf. décision de préfixe 6.1.
A31: 6.3 | B31: Phase 6 | C31: Backend | D31: 🟡 Haute | E31: Modèle + migration erp_sync_queue | F31: File de retry : tenant_id, flux, payload (JSON), status (pending|in_flight|done|failed, String), attempts, error, locked_at/locked_until (verrouillage anti-double-traitement §2.4, absent du precedent le plus proche email_outbox). | G31: Complété | H31: ½j | I31: app/models/erp.py · migrations/versions/c1b16fed65e1_erp_foundations.py | J31: 6.2 | K31: 2026-08-14 | L31: 2026-08-14 | M31: [14/08] Colonne next_retry_at de la description initiale remplacée par locked_at/locked_until (verrouillage court, motif différent d'un simple 'prochaine tentative à').
A32: 6.4 | B32: Phase 6 | C32: Backend | D32: 🟡 Haute | E32: Route /api/settings/erp (GET/PUT/test) + /api/settings/general (§4.3) | F32: Calque de routes/settings.py (SMTP) : GET ouvert à tout membre, PUT/test réservés @tenant_admin_required, test retourne toujours 200 (ok:true/false). Ajout non prévu à l'origine : /api/settings/general (GET/PUT) pour document_blocking_expired/vacation_delay_threshold_minutes (§4.3, réglages tenant sans rapport direct à ERP mais posés dès cette phase, prérequis Phases 9/10). | G32: Complété | H32: 1j | I32: app/routes/settings.py | J32: 6.2 | K32: 2026-08-14 | L32: 2026-08-14 | M32: [14/08] Les champs url_erp/admin_username/admin_password (accès direct §4.4) sont explicitement REFUSÉS par PUT /settings/erp (tenant-admin) — réservés à l'ADMIN global via /api/erp/direct-access (6.9).
A33: 6.5 | B33: Phase 6 | C33: Backend | D33: 🟢 Normale | E33: Service erp_client.py (wrapper xmlrpc.client) | F33: ErpClient.execute_kw(company_id, model, method, args, kwargs) — company_id obligatoire (jamais de défaut implicite), with_context(allowed_company_ids=…) injecté systématiquement (§2.3). Injecté par paramètre (jamais singleton) pour permettre FakeErpClient en test (§2.5, voir 6.7). Transport XML-RPC avec timeout socket configurable (défaut 3s, §2.1). | G33: Complété | H33: 1j | I33: app/services/erp_client.py (nouveau) | J33: 6.2 | K33: 2026-08-14 | L33: 2026-08-14
A34: 6.6 | B34: Phase 6 | C34: Backend | D34: 🟢 Normale | E34: Commande flask erp-sync-dispatch + cron | F34: Traite erp_sync_queue (pending/failed sous le seuil de tentatives, non verrouillées), même patron que notifications-dispatch (dispatch_emails). Cron+queue, pas Celery (§2.1), conforme à la décision actée. | G34: En cours | H34: ½j | I34: app/services/erp_sync.py (nouveau) · app/__init__.py | J34: 6.3, 6.5 | K34: 2026-08-14 | M34: [14/08] Verrouillage/déverrouillage et transitions de statut opérationnels et testés — MAIS aucun flux réel n'est encore rejoué (chaque ligne traitée échoue avec un message explicite 'non implémenté'), car aucun flux n'écrit encore dans la queue avant la Phase 7 (erp_partners). À rouvrir en Phase 7 pour brancher la vraie logique de rejeu (search-then-write par x_permatel_ref, §2.4).
A35: 7.1 | B35: Phase 7 | C35: Infra | D35: 🟡 Haute | E35: Conteneur Odoo 18 Community + Postgres dédié | F35: Sur réseau interne (permatel_internal), jamais exposé sur l'hôte. | G35: À faire | H35: 1j | I35: docker-compose.yml | J35: 6.6
A36: 7.2 | B36: Phase 7 | C36: Infra | D36: 🟡 Haute | E36: Multi-database Odoo (dbfilter, list_db=False) | F36: 1 base Odoo par tenant PERMATEL, rôle Postgres distinct par base. | G36: À faire | H36: 1j | I36: infra Odoo (config serveur) | J36: 7.1
A37: 7.3 | B37: Phase 7 | C37: Backend | D37: 🟢 Normale | E37: Modèle + migration odoo_partners | F37: Copie locale des partenaires synchronisés (odoo_id, sync_status, last_synced_at). | G37: À faire | H37: ½j | I37: app/models/odoo.py · migrations/versions/ | J37: 6.2
A38: 7.4 | B38: Phase 7 | C38: Backend | D38: 🟢 Normale | E38: Commande flask odoo-sync-partners (bidirectionnel) | F38: Cron 15 min par défaut, configurable par tenant (F1 du CDC). | G38: À faire | H38: 1.5j | I38: app/scripts/odoo_sync.py | J38: 7.2, 7.3, 6.5
A39: 7.5 | B39: Phase 7 | C39: Frontend | D39: 🟢 Normale | E39: Indicateur de fraîcheur last_synced_at | F39: Affiché sur les vues Clients/Prestataires quand l'intégration Odoo est active pour le tenant. | G39: À faire | H39: ½j | I39: frontend/src/views/ClientsView.vue · PartnerView.vue | J39: 7.4
A40: 8.1 | B40: Phase 8 | C40: Backend | D40: 🟢 Normale | E40: Hook demande commande → devis Odoo (F2) | F40: Tentative synchrone (timeout court 2-3s) juste après le commit, échec → odoo_sync_queue. | G40: À faire | H40: 1j | I40: app/routes/demandes.py | J40: 6.3, 6.5, 7.4
A41: 8.2 | B41: Phase 8 | C41: Backend | D41: 🟢 Normale | E41: Modèles + migration odoo_devis / odoo_factures | F41: Copie locale en lecture (F4 : retour Odoo → PERMATEL). | G41: À faire | H41: ½j | I41: app/models/odoo.py · migrations/versions/ | J41: 6.2
A42: 8.3 | B42: Phase 8 | C42: Backend | D42: 🟢 Normale | E42: Sync retour devis/facture | F42: Intégré à la commande odoo-sync-dispatch existante (cron). | G42: À faire | H42: 1j | I42: app/scripts/odoo_sync.py | J42: 8.2, 6.6
A43: 8.4 | B43: Phase 8 | C43: Frontend | D43: 🔵 Normale | E43: Affichage devis/facture liés à une demande | F43: Section dédiée dans le détail de demande. | G43: À faire | H43: 1j | I43: frontend/src/components/workspace/DemandeDetailDrawer.vue | J43: 8.3
A44: 9.1 | B44: Phase 9 | C44: Backend | D44: 🟢 Normale | E44: Hook clôture PriseDeService → Odoo (F3) | F44: Best-effort synchrone + queue de secours, déclenché sur date_fin renseignée (feuille de temps). | G44: À faire | H44: 1j | I44: app/routes/prises_de_service.py | J44: 6.3, 6.5
A45: 10.1 | B45: Phase 10 | C45: Backend | D45: 🔵 Normale | E45: Sync lecture planning Odoo → local (F5) | F45: Nouveau modèle odoo_planning_slots + commande cron. | G45: À faire | H45: 1.5j | I45: app/models/odoo.py · app/scripts/odoo_sync.py | J45: 6.2, 6.6
A46: 10.2 | B46: Phase 10 | C46: Backend | D46: 🔵 Normale | E46: Action d'affectation PERMATEL → écriture Odoo | F46: Depuis une action utilisateur (assignation agent), écriture événementielle vers Odoo. | G46: À faire | H46: 1j | I46: app/routes/ (à définir) | J46: 10.1
A47: 10.3 | B47: Phase 10 | C47: Frontend | D47: 🔵 Normale | E47: Vue planning agents | F47: Lecture + actions d'affectation. EF à détailler après stabilisation des phases 6-9. | G47: À faire | H47: 2j | I47: frontend/src/views/ (nouveau) | J47: 10.2
A48: DOC-ODOO-1 | B48: Documentation | C48: Documentation | D48: 🟢 Normale | E48: Rédiger le plan d'intégration Odoo | F48: Analyse du besoin, benchmarks (Celery vs cron+queue, client Odoo), décisions d'architecture, phasage détaillé. | G48: Complété | H48: ½j | I48: ODOO_INTEGRATION_PLAN.md (nouveau) | K48: 2026-07-27 | L48: 2026-07-27
A49: 11.1 | B49: Phase 11 | C49: Backend | D49: 🟡 Haute | E49: Migration d'extension telephony_events | F49: Ajout pbx_connector_id, call_direction, callee, agent_login, queue_id, recording_url, raw_payload (JSONB). event_type élargi String (garde-fou données, pas de recréation de table). | G49: Complété | H49: 1j | I49: app/models/telephony_event.py · migrations/versions/ | K49: 2026-07-27 | L49: 2026-07-27
A50: 11.2 | B50: Phase 11 | C50: Backend | D50: 🟡 Haute | E50: Modèles + migration pbx_connectors / pbx_domains_tenants | F50: Config connecteur par PBX (type String, host, port, identifiants EncryptedText) + routage domaine PBX -> tenant. | G50: Complété | H50: 1j | I50: app/models/pbx.py (nouveau) · migrations/versions/ | K50: 2026-07-27 | L50: 2026-07-27
A51: 11.3 | B51: Phase 11 | C51: Backend | D51: 🟡 Haute | E51: Route POST /api/telephony/events/ingest | F51: Auth X-Connector-Token (pas JWT), résolution tenant_id via pbx_domain, persistance telephony_events. | G51: Complété | H51: 1j | I51: app/routes/telephony.py (nouveau) | J51: 11.1, 11.2 | K51: 2026-07-27 | L51: 2026-07-27
A52: 11.4 | B52: Phase 11 | C52: Backend | D52: 🟢 Normale | E52: Routes /api/telephony/kpis/{summary,queues,agents} | F52: Agrégats SQL sur telephony_events (temps moyen de réponse, taux de décroché, volumes par queue/agent). @tenant_required. | G52: Complété | H52: 1.5j | I52: app/routes/telephony.py | J52: 11.1 | K52: 2026-07-27 | L52: 2026-07-27
A53: 11.5 | B53: Phase 11 | C53: Backend | D53: 🟢 Normale | E53: Route GET /api/telephony/active-calls | F53: Appels en cours : état initial au chargement de la page (Phase 13) ; le WebSocket (Phase 11bis) pousse les deltas ensuite. | G53: Complété | H53: ½j | I53: app/routes/telephony.py | J53: 11.1 | K53: 2026-07-27 | L53: 2026-07-27
A54: 11.6 | B54: Phase 11 | C54: Backend | D54: 🟢 Normale | E54: Route /api/settings/telephony (CRUD pbx_connectors) | F54: Calque de /api/settings/smtp. Écriture @tenant_admin_required. | G54: Complété | H54: 1j | I54: app/routes/settings.py | J54: 11.2 | K54: 2026-07-27 | L54: 2026-07-27
A55: 11.7 | B55: Phase 11 | C55: Backend | D55: 🟢 Normale | E55: config_state.telephony_configured dans tenant_features() | F55: Passe channel_telephonie de flag purement cosmétique à un vrai état de config (pbx_domains_tenants actif pour ce tenant). | G55: Complété | H55: ½j | I55: app/services/tenant_features.py | J55: 11.2 | K55: 2026-07-27 | L55: 2026-07-27
A56: 11bis.1 | B56: Phase 11bis | C56: Infra | D56: 🟡 Haute | E56: Ajouter flask-socketio + worker Gunicorn eventlet/gevent | F56: Complété le 2026-07-27 : flask-socketio==5.6.1 + eventlet==0.36.1, GUNICORN_WORKER_CLASS=eventlet (entrypoint.sh, docker-compose.yml). Test de charge Docker réel effectué — voir TELEPHONIE_INTEGRATION_PLAN.md §7 (bug flask-socketio 5.4.1/Flask 3.1 détecté+corrigé, patch psycopg2_patcher.make_psycopg_green() ajouté, SOCKETIO_ASYNC_MODE ajouté pour ne pas casser les tests locaux). | G56: Complété | H56: 1j | I56: backend/requirements.txt · docker-compose.yml · entrypoint.sh | J56: 11.1
A57: 11bis.2 | B57: Phase 11bis | C57: Backend | D57: 🟡 Haute | E57: Namespace Socket.IO /telephony (auth JWT + room par tenant) | F57: Complété le 2026-07-27 : app/sockets/telephony.py — TelephonyNamespace, auth JWT en query string (?token=), résolution tenant_id + join_room. Validé : 20/20 connexions concurrentes OK en test de charge. | G57: Complété | H57: 1j | I57: app/routes/telephony_socket.py (nouveau) | J57: 11bis.1
A58: 11bis.3 | B58: Phase 11bis | C58: Backend | D58: 🟡 Haute | E58: Redis comme message queue Flask-SocketIO | F58: Complété le 2026-07-27 : socketio.init_app(..., message_queue=REDIS_URL) dans app/__init__.py. | G58: Complété | H58: ½j | I58: app/__init__.py | J58: 11bis.1
A59: 11bis.4 | B59: Phase 11bis | C59: Backend | D59: 🟢 Normale | E59: Diffusion des événements à l'ingestion | F59: Complété le 2026-07-27 : socketio.emit("telephony_event", event.to_dict(), room=str(event.tenant_id), namespace="/telephony") dans POST /events/ingest, best-effort (une panne de diffusion WS ne fait jamais echouer l ingestion). Panneau live cote frontend : SettingsTelephony.vue (composable useTelephonySocket), filtrable par event_type, masquable. 2 nouveaux tests backend. | G59: Complété | H59: ½j | I59: app/routes/telephony.py | J59: 11.3, 11bis.2, 11bis.3
A60: 12.1 | B60: Phase 12 | C60: Infra | D60: 🟡 Haute | E60: Process connecteur téléphonie UNIQUE (Docker, service dédié) | F60: Complété le 2026-07-27 : connector/core_connector.py, process Docker séparé (connector/Dockerfile), service opt-in docker-compose.yml (profiles: [telephony]), healthcheck via fichier heartbeat. | G60: Complété | H60: 1j | I60: docker-compose.yml · telephony-connector/ (nouveau) | J60: 11.3
A61: 12.2 | B61: Phase 12 | C61: Backend | D61: 🟡 Haute | E61: Interface PBXAdapter + Core Connector | F61: Complété le 2026-07-27 : adapters/base.py (contrat PBXAdapter run()/stop()), core_connector.py (boucle de réconciliation : démarre/arrête une greenlet par pbx_connectors actif, jamais de crash propagé entre adapters). | G61: Complété | H61: 1.5j | I61: telephony-connector/core.py (nouveau) | J61: 12.1
A62: 12.3 | B62: Phase 12 | C62: Backend | D62: 🟡 Haute | E62: ESLAdapter (FusionPBX/FreeSWITCH) | F62: Complété le 2026-07-27 : adapters/esl_adapter.py — bibliothèque greenswitch (gevent), CHANNEL_CREATE/PROGRESS_MEDIA/ANSWER/HANGUP_COMPLETE + CUSTOM callcenter::info, reconnexion avec backoff exponentiel borné. Mapping CC-* à valider contre un FusionPBX réel (accès de test disponible) — voir plan §8.3. | G62: Complété | H62: 2j | I62: telephony-connector/adapters/esl.py (nouveau) | J62: 12.2
A63: 12.4 | B63: Phase 12 | C63: Backend | D63: 🟢 Normale | E63: Normalizer + émetteur vers l'API | F63: Complété le 2026-07-27 : normalizer.py (fonctions pures, 10 tests unitaires) + ingest_client.py (POST /api/telephony/events/ingest). | G63: Complété | H63: 1j | I63: telephony-connector/normalizer.py (nouveau) | J63: 12.3, 11.3
A64: 12.5 | B64: Phase 12 | C64: Backend | D64: 🟢 Normale | E64: Résilience connecteur (reconnexion, backoff, file Redis) | F64: En cours le 2026-07-27 : reconnexion + backoff exponentiel implémentés (ESLAdapter). Restant : file Redis pour absorber les pics/pannes d'ingestion prolongées — actuellement un échec d'envoi est loggé et l'événement perdu (pas de retry durable). | G64: En cours | H64: 1.5j | I64: telephony-connector/core.py | J64: 12.2
A65: 12.6 | B65: Phase 12 | C65: Backend | D65: 🔵 Normale | E65: Configuration à chaud du connecteur | F65: Complété le 2026-07-27 : GET /api/telephony/connectors/config (nouvel endpoint backend, auth X-Connector-Token) + rechargement périodique (CONFIG_REFRESH_SECONDS, défaut 60s) sans redémarrage du connecteur. | G65: Complété | H65: 1j | I65: telephony-connector/config.py (nouveau) | J65: 12.2, 11.6
A66: 12.7 | B66: Phase 12 | C66: Frontend | D66: 🟢 Normale | E66: Pivot : connecteur PBX tenant-scopé (migration + backend) | F66: Complété le 2026-07-27 : PbxConnector devient tenant-scopé (tenant_id NOT NULL, comme SmtpSetting) au lieu de ressource globale partagée entre tenants — revu le jour même suite à une clarification produit. Migration e7f8a9b0c1d2 (DROP/CREATE, garde-fou données), pbx_domains_tenants renommée pbx_connector_domains (perd son tenant_id propre), routes/telephony.py : CRUD connecteurs déplacé de @role_required(ADMIN) vers @tenant_admin_required. Remplace la tâche 12.7 initiale (UI admin globale /pbx-connectors, abandonnée). | G66: Complété
A67: 12.8 | B67: Phase 12 | C67: Frontend | D67: 🟢 Normale | E67: UI fusionnée : connecteur + domaines + statut + Sync (Paramètres > Téléphonie) | F67: Complété le 2026-07-27 : SettingsTelephony.vue réécrit — CRUD connecteur PBX (host/port/identifiants), gestion domaines/queues, sous-ligne dépliable par connecteur (statut live is_connected/last_seen_at/last_error), bouton Sync. Remplace PbxConnectorsView.vue (page globale admin, supprimée) + l'ancienne version read-only de cette tâche. /pbx-connectors redirige vers /parameters?tab=telephony. | G67: Complété
A68: 12.9 | B68: Phase 12 | C68: Backend/Connecteur | D68: 🟢 Normale | E68: Sync temps réel (Redis pub/sub) + heartbeat de statut | F68: Complété le 2026-07-27 : POST /connectors/<id>/sync (bump sync_requested_at + publish Redis 'telephony:sync') ; Core Connector abonné en tâche de fond (_SyncListener), force_reconnect() sur l'adapter concerné en quelques secondes. Filet de secours si Redis indisponible : sync_requested_at repris au prochain sondage périodique. POST /connectors/status (heartbeat à chaque cycle de réconciliation) alimente is_connected/last_seen_at/last_error, affichés en sous-ligne adapter dans l'UI. | G68: Complété
A69: 12.10 | B69: Phase 12 | C69: Connecteur | D69: Haute | E69: Fix deadlock reconnexion concurrente (ESLAdapter) | F69: Complete le 2026-07-28 : force_reconnect()/stop() ne touchent plus _esl directement (course avec run() sur ESLProtocol.stop() sans timeout, bloquait le connecteur apres Sync). _hard_disconnect() ferme la socket directement, seule la greenlet run() y touche. 5 tests de regression. | G69: Complété
A70: 12.11 | B70: Phase 12 | C70: Frontend/Nginx | D70: Haute | E70: Fix routage WebSocket Socket.IO (panneau live bloque Deconnecte) | F70: Complete le 2026-07-28 : /socket.io par defaut non proxifie par Nginx (tombait dans le fallback SPA). Deplace sous /api/socket.io (same-origin) + en-tetes Upgrade/Connection ajoutes a la location /api/. Valide de bout en bout contre une vraie stack Docker (nginx + gunicorn eventlet), pas seulement en test unitaire. | G70: Complété
A71: 13.1 | B71: Phase 13 (plan initial) | C71: Frontend | D71: 🟢 Normale | E71: SupervisionTelephonieView.vue | F71: Calque de SupervisionView.vue existant. Charge KPIs historisés + appels actifs. | G71: Complété | H71: 1j | I71: frontend/src/views/SupervisionTelephonieView.vue (nouveau) | J71: 11.4, 11.5 | M71: [Audit 14/08] objectif atteint via l'implémentation réelle (voir Phase 13, lignes 13.1/13.2 plus bas) — architecture différente du plan initial (pas de store Pinia useTelephonyStore ni de composants séparés TelephonyKpiCards/ActiveCallsTable/AgentsGrid : tout fusionné dans SupervisionTelephony.vue, avec état local + useTelephonySocket directement).
A72: 13.2 | B72: Phase 13 (plan initial) | C72: Frontend | D72: 🟢 Normale | E72: Composable useTelephonySocket | F72: Connexion WebSocket (namespace /telephony), auth JWT à la connexion, rejoint la room du tenant actif, reconnexion auto. Remplace le polling initialement envisagé (décision révisée : WebSocket retenu). | G72: Complété | H72: ½j | I72: frontend/src/composables/useTelephonySocket.js (nouveau) | J72: 11.5, 11bis.2 | M72: [Audit 14/08] objectif atteint via l'implémentation réelle (voir Phase 13, lignes 13.1/13.2 plus bas) — architecture différente du plan initial (pas de store Pinia useTelephonyStore ni de composants séparés TelephonyKpiCards/ActiveCallsTable/AgentsGrid : tout fusionné dans SupervisionTelephony.vue, avec état local + useTelephonySocket directement).
A73: 13.3 | B73: Phase 13 (plan initial) | C73: Frontend | D73: 🟢 Normale | E73: Store Pinia useTelephonyStore | F73: État activeCalls/alerts. Actions addOrUpdateCall, removeCall, pushAlert. | G73: Complété | H73: ½j | I73: frontend/src/store/telephony.js (nouveau) | J73: 13.2 | M73: [Audit 14/08] objectif atteint via l'implémentation réelle (voir Phase 13, lignes 13.1/13.2 plus bas) — architecture différente du plan initial (pas de store Pinia useTelephonyStore ni de composants séparés TelephonyKpiCards/ActiveCallsTable/AgentsGrid : tout fusionné dans SupervisionTelephony.vue, avec état local + useTelephonySocket directement).
A74: 13.4 | B74: Phase 13 (plan initial) | C74: Frontend | D74: 🟢 Normale | E74: TelephonyKpiCards.vue / ActiveCallsTable.vue / AgentsGrid.vue | F74: Cartes KPI, tableau des appels actifs filtrable, grille agents avec statut courant. | G74: Complété | H74: 2j | I74: frontend/src/components/telephony/ (nouveau) | J74: 13.3 | M74: [Audit 14/08] objectif atteint via l'implémentation réelle (voir Phase 13, lignes 13.1/13.2 plus bas) — architecture différente du plan initial (pas de store Pinia useTelephonyStore ni de composants séparés TelephonyKpiCards/ActiveCallsTable/AgentsGrid : tout fusionné dans SupervisionTelephony.vue, avec état local + useTelephonySocket directement).
A75: 13.5 | B75: Phase 13 (plan initial) | C75: Frontend | D75: 🔵 Normale | E75: Réglages connecteurs PBX (UI) | F75: Formulaire CRUD pbx_connectors dans Réglages > Intégrations, sur le modèle SettingsSmtp.vue. | G75: Complété | H75: 1j | I75: frontend/src/components/settings/SettingsTelephony.vue (nouveau) | J75: 11.6 | M75: [Audit 14/08] objectif atteint via l'implémentation réelle (voir Phase 13, lignes 13.1/13.2 plus bas) — architecture différente du plan initial (pas de store Pinia useTelephonyStore ni de composants séparés TelephonyKpiCards/ActiveCallsTable/AgentsGrid : tout fusionné dans SupervisionTelephony.vue, avec état local + useTelephonySocket directement).
A76: 15.1 | B76: Phase 15 | C76: Backend | D76: 🔵 Normale | E76: AMIAdapter (Asterisk) — ajouté au même process connecteur | F76: Implémente PBXAdapter, orchestré par le même Core Connector que l'ESLAdapter (pas un second déploiement) : Dial/Hangup/QueueMember normalisés vers le même format standard. | G76: À faire | H76: 2j | I76: telephony-connector/adapters/ami.py (nouveau) | J76: 12.2, 12.4 | M76: [Audit 14/08] renumérotée depuis 'Phase 14' — la Phase 14 réelle est devenue Webhook CDR + Rapports (voir lignes 14.1-14.4 plus bas), l'AMIAdapter Asterisk est la Phase 15 dans TELEPHONIE_INTEGRATION_PLAN.md §4. Statut inchangé : toujours 'À faire', confirmé exact.
A77: 15.2 | B77: Phase 15 | C77: Tests | D77: 🔵 Normale | E77: Validation architecture Adapter (non-régression ESL) | F77: Vérifier qu'aucun changement API/frontend n'est requis pour supporter Asterisk en plus de FusionPBX. | G77: À faire | H77: ½j | I77: backend/tests/ | J77: 14.1 | M77: [Audit 14/08] renumérotée depuis 'Phase 14', voir 15.1. Statut inchangé : toujours 'À faire', confirmé exact.
A78: DOC-TEL-1 | B78: Documentation | C78: Documentation | D78: 🟢 Normale | E78: Rédiger le plan d'intégration Module Téléphonie | F78: Analyse de l'existant (table dormante, flag cosmétique), décisions d'architecture (polling vs WebSocket, String vs enum), phasage détaillé. | G78: Complété | H78: ½j | I78: TELEPHONIE_INTEGRATION_PLAN.md (nouveau) · docs/cdc/CDC-Module-Telephonie.md (nouveau) | K78: 2026-07-27 | L78: 2026-07-27
A79: 13.1 | B79: Phase 13 | C79: Frontend | D79: Haute | E79: Relocalisation config Téléphonie sous Intégrations | F79: Config déplacée de l'onglet Paramètres autonome vers un panneau "Configurer" inline sous Paramètres > Intégrations. Bouton actif dès que channel_telephonie est activé, indépendamment d'un connecteur déjà configuré (tenant_features.py : integrations.telephony = ch['telephonie'] seul). | G79: Complété | I79: SettingsIntegrations.vue, SettingsView.vue, tenant_features.py | K79: 2026-07-28 | L79: 2026-07-29
A80: 13.2 | B80: Phase 13 | C80: Frontend/Backend | D80: Haute | E80: Supervision > Téléphonie (KPIs, appels en cours, files, grille agents) | F80: Nouvel onglet Supervision, visible ssi canal actif ET connecteur configuré. Grille d'état des agents adossée à une donnée réelle : capture du header FreeSWITCH CC-Agent-Status (mod_callcenter, jusque-là ignoré), normalisé par GET /telephony/agents/status en présence disponible/pause/hors-ligne (défaut hors-ligne si inconnu — jamais fabriqué). Charge = appels traités relatifs au plus sollicité, pas un taux d'occupation. | G80: Complété | I80: SupervisionTelephony.vue, SupervisionView.vue, telephony.py (agents_status), migration 2f54e418e600 | K80: 2026-07-28 | L80: 2026-07-29
A81: 14.1 | B81: Phase 14 | C81: Backend | D81: Haute | E81: Webhook CDR (POST /telephony/cdr/ingest/<token>) | F81: Canal d'ingestion complémentaire à l'ESL live, alimenté directement par FusionPBX (mod_json_cdr) à la fin de chaque appel. Jeton PAR CONNECTEUR (généré à la création, régénérable, stocké hashé+chiffré, réaffichable via "Copier le token"), restriction IP optionnelle (authorized_ip). Un CDR produit jusqu'à 3 TelephonyEvent rétrodatés (ringing/answered/terminal), compatible sans modification avec les routes KPI existantes. | G81: Complété | I81: telephony.py (cdr_ingest), pbx.py, migration 9c8b7a6f5e4d, SettingsTelephony.vue | K81: 2026-07-28 | L81: 2026-07-29
A82: 14.2 | B82: Phase 14 | C82: Frontend/Backend | D82: Moyenne | E82: Rapports > Téléphonie (historique + export CSV + enregistrements + export ZIP) | F82: Nouvel onglet Rapports, visible ssi canal actif. Historique des appels paginé/filtrable avec export CSV (GET /telephony/calls, /calls/export). Section Enregistrements avec écoute/téléchargement (proxy backend, uniquement si recording_url est une URL http(s) exploitable) et export groupé en ZIP (sélection ou filtres, _indisponibles.txt listant les fichiers exclus). | G82: Complété | I82: ReportCdr.vue, ReportView.vue, telephony.py (calls/recordings routes), telephonyService.js | K82: 2026-07-28 | L82: 2026-07-29
A83: 14.3 | B83: Phase 14 | C83: Backend | D83: Critique | E83: Six correctifs successifs du parsing webhook CDR (validés contre trafic FusionPBX réel) | F83: Chaque round découvert et corrigé contre du vrai trafic de production (pas en local) : (1) get_json() sans force=True ; (2) corps réellement x-www-form-urlencoded (cdr=<json>), pas JSON brut ; (3) '&'/'=' littéraux tronquaient la valeur via le parseur form de Werkzeug — remplacé par extraction directe sur le corps brut ; (4) préservation du '+' des numéros E.164 (unquote avant unquote_plus) ; (5) caractères de contrôle bruts (strict=False) ; (6) root cause finale : FusionPBX interpole des en-têtes SIP bruts sans échapper les guillemets internes — _repair_unescaped_quotes() en dernier recours. Voir TELEPHONIE_INTEGRATION_PLAN.md §8.6 pour le détail complet. 21 tests dédiés. | G83: Complété | I83: telephony.py (cdr_ingest, _repair_unescaped_quotes), test_telephony.py | K83: 2026-07-28 | L83: 2026-07-29
A84: 14.4 | B84: Phase 14 | C84: Backend | D84: Basse | E84: Trace diagnostique webhook CDR (TELEPHONY_CDR_TRACE) | F84: Activable via TELEPHONY_CDR_TRACE=true (désactivé par défaut). Journalise l'inventaire complet des variables reçues + écrit le payload intégral dans /tmp/cdr_trace_last.json, pour confirmer quelles variables un PBX réel envoie effectivement (cc_queue/cc_agent, exposition des enregistrements) avant d'exploiter de nouveaux champs. | G84: Complété | I84: telephony.py (_trace_cdr_payload), config.py, .env.example | K84: 2026-07-28 | L84: 2026-07-29
A85: 12.12 | B85: Phase 12 | C85: Backend/Connecteur | D85: 🟢 Normale | E85: Exécution à distance ESL (login/logout/statut agent) | F85: PERMATEL déclenche des jobs agent_login/agent_logout/agent_status_change côté FusionPBX. Dispatch Redis direct (_dispatch_pbx_job), pas de table de jobs persistée (connexion ESL déjà permanente et synchrone). Voir TELEPHONIE_INTEGRATION_PLAN.md §8.10. | G85: Complété | I85: app/routes/telephony.py, app/routes/auth.py, connector/adapters/esl_adapter.py | J85: 12.2, 12.3 | K85: 2026-08-13 | L85: 2026-08-13
A86: 12.13 | B86: Phase 12 | C86: Backend/Connecteur | D86: 🟢 Normale | E86: Codes de pause (pbx_pause_codes + événement CUSTOM FreeSWITCH) | F86: Table pbx_pause_codes par tenant (ligne '0' protégée). Connecteur émet un événement CUSTOM (sendevent, esl_adapter::agent_pause_code) réingéré par son propre pipeline. ⚠️ Injection non confirmée contre un flux FusionPBX réel à ce jour — voir §8.10. | G86: Complété | I86: app/models/pbx.py, app/routes/telephony.py, connector/adapters/esl_adapter.py | J86: 12.12 | K86: 2026-08-13 | L86: 2026-08-13 | M86: Zone d'incertitude : sendevent non validé contre trafic réel, comme d'autres points du plan (§8.3).
A87: 12.14 | B87: Phase 12 | C87: Backend | D87: 🟢 Normale | E87: UserSession.status synchronisé + suivi des temps actif/pause | F87: UserSession.status (PAUSED, existait mais jamais alimenté) bascule désormais en parallèle des changements de statut PBX. _session_status_durations() reconstruit les minutes actif/pause par session depuis l'historique TelephonyEvent (user_session_id, jamais utilisée jusqu'ici). | G87: Complété | I87: app/routes/telephony.py, app/routes/auth.py | J87: 12.12 | K87: 2026-08-13 | L87: 2026-08-14
A88: 12.15 | B88: Phase 12 | C88: Frontend | D88: 🟢 Normale | E88: RingingCallBar (bandeau de sonnerie globale) | F88: Bandeau global (toutes pages, comme CallCardBar) affiché uniquement pour l'agent dont l'appel sonne encore (avant décroché) — accent ambre, distinct de CallCardBar. | G88: Complété | I88: frontend/src/components/supervision/RingingCallBar.vue, App.vue | K88: 2026-08-14 | L88: 2026-08-14
A89: 16.1 | B89: Phase 16 | C89: Backend/Frontend | D89: 🟢 Normale | E89: Rapport « Prises de service » enrichi (tableau détaillé + export CSV) | F89: Tableau détaillé téléchargeable en CSV : date, agent, type, client, site, début/fin, et utilisateur PERMATEL ayant déclaré chaque étape. Nouvelle colonne prises_de_service.ended_by_id (migration b7c9e1a3f5d7), symétrique à created_by_id. | G89: Complété | I89: app/models/prise_de_service.py, app/routes/prises_de_service.py, ReportView.vue | K89: 2026-08-14 | L89: 2026-08-14
A90: 16.2 | B90: Phase 16 | C90: Backend/Frontend | D90: 🟢 Normale | E90: Géolocalisation IP (drapeau pays) dans les Rapports | F90: Lookup MaxMind GeoLite2-Country 100% local (aucune IP transmise à un tiers), dégradation gracieuse si la base .mmdb est absente (non versionnée, licence MaxMind). country_code exposé en JSON, jamais dans les exports CSV. | G90: Complété | I90: app/utils/geoip.py, SessionMonitoring.vue, ReportView.vue, docker-compose.yml | K90: 2026-08-14 | L90: 2026-08-14
A91: 16.3 | B91: Phase 16 | C91: Backend/Frontend | D91: 🟢 Normale | E91: Refonte du filtre CDR (Rapports > Téléphonie) | F91: Dates alignées (Vuetify au lieu d'inputs natifs), bouton « Filtrer » explicite, Agent/File en multi-select alimentés par deux nouveaux endpoints roster (/telephony/agents/roster, /telephony/queues/roster) réutilisant les helpers d'alias déjà en place. | G91: Complété | I91: ReportCdr.vue, app/routes/telephony.py | K91: 2026-08-14 | L91: 2026-08-14
A92: DOC-AUDIT-1 | B92: Documentation | C92: Documentation | D92: 🟢 Normale | E92: Audit de conformité du registre des tâches (statuts vs code réel) | F92: Vérification systématique de chaque tâche 'À faire'/'Complété' contre le code réel — Phases 2/3/4 étaient marquées 'À faire' alors qu'implémentées depuis longtemps ; Phases 13/14 avaient des doublons d'ID en conflit (plan initial vs implémentation réelle, faussant les COUNTIFS du tableau de bord). Corrections appliquées, voir notes de chaque ligne concernée. | G92: Complété | H92: ½j | I92: docs/suivi_taches_permatel.xlsx | K92: 2026-08-14 | L92: 2026-08-14
A93: 4.7 | B93: Phase 4 | C93: Frontend | D93: 🟢 Normale | E93: Fix : footer applicatif masquait les boutons des tiroirs d'édition | F93: Les overlays EditCommandeDrawer.vue/EditAnomalieDrawer.vue fixaient bottom:0, ignorant la hauteur du <v-footer app> (z-index Vuetify élevé) — la barre ENREGISTRER/ANNULER passait sous le footer. Réserve désormais --v-layout-bottom, symétrique à --v-layout-top déjà utilisé pour l'app-bar. | G93: Complété | I93: frontend/src/components/workspace/EditCommandeDrawer.vue, EditAnomalieDrawer.vue | K93: 2026-08-14 | L93: 2026-08-14
A94: 5.5 | B94: Phase 5 | C94: Déploiement | D94: 🟡 Haute | E94: Fix déploiement : VITE_INACTIVITY_TIMEOUT_MINUTES jamais propagé au build Docker | F94: Le Dockerfile frontend n'exposait pas VITE_INACTIVITY_TIMEOUT_MINUTES comme ARG et docker-compose.yml ne le passait pas au build — le frontend se rabattait toujours sur son défaut JS (30 min) même quand SESSION_INACTIVITY_TIMEOUT_MINUTES était personnalisé côté backend, déconnectant l'agent côté UI alors que sa session serveur restait valide. Le build frontend dérive désormais VITE_INACTIVITY_TIMEOUT_MINUTES directement de SESSION_INACTIVITY_TIMEOUT_MINUTES (même variable, pas de VITE_* séparée) — impossible de les faire diverger en Docker. | G94: Complété | I94: frontend/Dockerfile, docker-compose.yml, .env.example, README.md | K94: 2026-08-14 | L94: 2026-08-14
A95: 13.3 | B95: Phase 13 | C95: Frontend | D95: 🟢 Normale | E95: Fix affichage : agent déduit masqué sur les appels sortants directs | F95: Le backend déduit déjà l'agent d'un appel sortant hors file (matching caller/callee contre _live_station_agent_lookup) mais ne backfille jamais agent_login, seulement agent_uuid/agent_name. Le tableau « Appels en cours » gatait la cellule Agent sur c.agent_login → toujours « — » malgré une inférence réussie. Corrigé pour s'afficher dès que agent_name OU agent_login est présent, avec un indice visuel (avatar en pointillés + « (déduit) ») quand agent_inferred est vrai. | G95: Complété | I95: frontend/src/components/supervision/SupervisionTelephony.vue | K95: 2026-08-14 | L95: 2026-08-14 | M95: Limite connue : ne résout que les postes ayant déjà été vus en file au moins une fois (CALLCENTER_AGENT_STATE_CHANGE). Un agent n'ayant jamais rejoint de file reste non résolu — nécessiterait un repli statique sur User.station_extension, non fait à ce stade.
A96: 16.4 | B96: Phase 16 | C96: Backend/Frontend | D96: 🟢 Normale | E96: Colonnes « Dernière modification »/« Clôturé le » (Commandes/Anomalies) | F96: Ajout de deux colonnes après « Créée le » dans OrdersView.vue/AnomaliesView.vue, chacune précisant l'utilisateur PERMATEL concerné. closed_by_nom ajouté à la sérialisation (manquait, contrairement à created_by_nom/updated_by_nom déjà présents) ; on_status_change() pose désormais closed_by_id en même temps que closed_at (jamais fait jusqu'ici). | G96: Complété | I96: app/routes/demandes.py, app/services/sla.py, OrdersView.vue, AnomaliesView.vue | K96: 2026-08-14 | L96: 2026-08-14
A97: 17.1 | B97: Phase 17 | C97: Backend/Frontend | D97: 🟢 Normale | E97: Vue « Mon Profil » — auto-édition identité/mot de passe/avatar | F97: Nouvel espace self-service (nom, prénom, mot de passe, avatar), accessible via une entrée en fin de menu latéral. Nouvel endpoint PATCH /api/users/me (jwt_required seul, sans role_required, limité à nom/prénom/avatar) — contrairement à PUT /users/<id> qui est ADMIN-only et bloque même un admin s'éditant lui-même. Le changement de mot de passe réutilise l'endpoint self-service déjà existant PATCH /users/<id>/password. | G97: Complété | I97: app/routes/users.py, MonProfilView.vue, Menu2.vue, router/index.js, userService.js, store/auth.js | K97: 2026-08-14 | L97: 2026-08-14
A98: 6.7 | B98: Phase 6 | C98: Backend/Tests | D98: 🟢 Normale | E98: tests/fakes/fake_erp_client.py (client ERP factice) | F98: Client en mémoire (create/write/search_read/read), même signature qu'ErpClient.execute_kw — permet de tester la logique PERMATEL sans XML-RPC réel ni instance Odoo (§2.5). Non prévu dans les 6 lignes d'origine du suivi, mais listé au §5 du plan. | G98: Complété | I98: backend/tests/fakes/fake_erp_client.py (nouveau) | J98: 6.5 | K98: 2026-08-14 | L98: 2026-08-14
A99: 6.8 | B99: Phase 6 | C99: Backend | D99: 🟢 Normale | E99: Commande flask erp-backfill (squelette, §2.6) | F99: Sur le modèle de seed-prestataires/seed-agents (dry-run par défaut, --tenant-code, --yes). Compte les clients/sites/contacts/agents éligibles du tenant — n'écrit encore rien vers ERP, car erp_partners/erp_employees (mapping, §3.B) sont Phase 7. Non prévue dans les 6 lignes d'origine, listée au §5. | G99: En cours | I99: backend/app/scripts/erp_backfill.py (nouveau) · app/__init__.py | J99: 6.2 | K99: 2026-08-14 | M99: Squelette fonctionnel et testé (comptage), synchro réelle à brancher en Phase 7.
A100: 6.9 | B100: Phase 6 | C100: Backend | D100: 🟡 Haute | E100: Réglages tenant document_blocking_expired / vacation_delay_threshold_minutes (§4.3) | F100: Colonnes Tenant, éditables par l'admin du TENANT (pas ADMIN global, contrairement aux channel_*) via GET/PUT /api/settings/general. Indépendants d'ERP mais posés dès cette phase — prérequis Phases 9/10 (blocage documentaire, alerte no-show planning). Non prévu dans les 6 lignes d'origine, listé au §5. | G100: Complété | I100: backend/app/models/tenant.py · app/routes/settings.py · migrations/versions/c1b16fed65e1_erp_foundations.py | J100: 6.1 | K100: 2026-08-14 | L100: 2026-08-14
A101: 6.10 | B101: Phase 6 | C101: Backend | D101: 🟡 Haute | E101: Accès direct ERP audité pour ADMIN global (§4.4) | F101: GET /api/erp/direct-access (role_required(ADMIN), pas tenant_admin_required) — retourne url_erp/admin_username/admin_password déchiffrés (EncryptedText). Chaque appel trace une ligne AuditLog (table_name='erp', event ERP_DIRECT_ACCESS_VIEWED), motif _log_audit() de routes/auth.py. Non prévu dans les 6 lignes d'origine, listé au §5. | G101: Complété | I101: backend/app/routes/erp.py (nouveau) · app/__init__.py | J101: 6.2 | K101: 2026-08-14 | L101: 2026-08-14 | M101: Pas de route d'ÉCRITURE pour url_erp/admin_username/admin_password dans cette passe (le plan ne spécifiait qu'un GET) — saisie directe en base au déploiement, ou futur écran Support/Réglages plateforme. Bouton frontend 'Accès direct ERP' également hors scope de cette passe backend-first.

Sheet Changelog
A1: CHANGELOG — HISTORIQUE DES MISES À JOUR
A2: Date | B2: Tâche ID | C2: Titre | D2: Ancien statut | E2: Nouveau statut | F2: Commentaire
A3: 2026-05-10 | B3: — | C3: Création du fichier de suivi | D3: — | E3: Initialisé | F3: Audit initial du 2026-05-10
A4: 2026-05-10 | B4: 1.1 | C4: Réactiver @tenant_required() sur clients/sites/contacts | D4: À faire | E4: Complété | F4: Fix imports backend.app.utils → app.utils. Corrigé delete_contact (jwt→tenant_required). Corrigé demandes.py.
A5: 2026-05-10 | B5: 1.2 | C5: Appliquer @role_required() aux endpoints d'administration | D5: À faire | E5: Complété | F5: ADMIN requis sur update_user, update_user_status, add/update/remove tenant users. Fix import users.py.
A6: 2026-05-10 | B6: 1.3 | C6: Corriger docker-compose.yml (pas de secrets hardcodés) | D6: À faire | E6: Complété | F6: Toutes les valeurs via ${VAR}. Healthcheck DB. .env racine créé. .env.example documenté.
A7: 2026-05-10 | B7: 1.4 | C7: Guard router branché sur Pinia | D7: À faire | E7: Complété | F7: useAuthStore.isAuthenticated. meta.guestOnly sur /login. returnUrl mémorisé. Bypass dev supprimé.
A8: 2026-05-10 | B8: 1.5 | C8: Intercepteur refresh automatique | D8: À faire | E8: Complété | F8: File d'attente failedQueue, flag isRefreshing, retry _retry. logoutSilent + redirect si refresh échoue.
A9: 2026-08-14 | B9: 2.1 | C9: Réactiver et compléter le blueprint Prestataires | D9: À faire | E9: Complété | F9: Audit 14/08 : déjà implémenté (voir Notes ligne)
A10: 2026-08-14 | B10: 2.2 | C10: Créer les routes Agents de sécurité | D10: À faire | E10: Complété | F10: Audit 14/08 : déjà implémenté (voir Notes ligne)
A11: 2026-08-14 | B11: 2.3 | C11: Créer les routes Interactions | D11: À faire | E11: Complété | F11: Audit 14/08 : déjà implémenté (voir Notes ligne)
A12: 2026-08-14 | B12: 2.4 | C12: Créer les routes Fichiers (upload/download) | D12: À faire | E12: À faire | F12: Audit 14/08 : confirmé toujours non fait (aucune route/modèle Fichier câblé)
A13: 2026-08-14 | B13: 2.5 | C13: Implémenter le flow select-tenant côté frontend | D13: À faire | E13: Complété | F13: Audit 14/08 : déjà implémenté (voir Notes ligne)
... A57: 2026-07-27 | B57: 11.1-11.7 | C57: Phase 11 (fondations backend Téléphonie) implémentée | D57: À faire | E57: Complété | F57: Migrations + modèles pbx_connectors/pbx_domains_tenants + extension telephony_events, routes/telephony.py (ingestion, KPIs, active-calls, CRUD connecteurs, settings tenant), tenant_features() mis à jour. 16 tests ajoutés, 188/188 verts.
A58: 2026-07-27 | B58: 11bis.1-11bis.3 | C58: Phase 11bis (infra WebSocket) implémentée + validée en test de charge Docker réel | D58: À faire | E58: Complété
A59: 2026-07-27 | B59: 12.1-12.4, 12.6-12.8 | C59: Phase 12 (connecteur FusionPBX/ESL) implémentée : Core Connector, ESLAdapter, bootstrap config, UI admin + réglages tenant | D59: À faire | E59: Complété
A60: 2026-07-27 | B60: 12.5 | C60: Résilience connecteur : reconnexion/backoff faits, file Redis restante | D60: À faire | E60: En cours
A61: 2026-07-27 | B61: 12.7-12.9 | C61: Pivot Phase 12 : connecteur PBX tenant-scope (comme SMTP/IMAP) + Sync temps reel Redis + heartbeat statut | D61: A faire | E61: Complete
A62: 2026-07-28 | B62: 12.10-12.11 | C62: Deux bugs de production corriges (deadlock connecteur, routage WebSocket Nginx) suite au raccordement a un FusionPBX reel | D62: A faire | E62: Complété
A63: 2026-07-29 | B63: 13.1-14.4 | C63: Phase 13/14 : config relocalisée sous Intégrations, Supervision temps réel (grille agents CC-Agent-Status), webhook CDR FusionPBX (mod_json_cdr, jeton par connecteur), Rapports > Téléphonie (historique/export CSV/enregistrements/export ZIP). Six correctifs de parsing CDR validés contre trafic réel. | D63: À faire | E63: Complété | F63: 236 tests backend au total
A64: 2026-08-14 | B64: 4.7 | C64: Fix footer masquant les tiroirs d'édition | D64: — | E64: Complété | F64: bottom:0 -> var(--v-layout-bottom, 34px) sur .ecd-overlay/.ead-overlay.
A65: 2026-08-14 | B65: 5.5 | C65: Fix VITE_INACTIVITY_TIMEOUT_MINUTES non propagé au build Docker | D65: — | E65: Complété | F65: Build arg frontend dérivé de SESSION_INACTIVITY_TIMEOUT_MINUTES (backend), plus de variable VITE_ séparée à synchroniser à la main.
A66: 2026-08-14 | B66: 13.3 | C66: Fix affichage agent déduit (appels sortants directs) | D66: — | E66: Complété | F66: Gate frontend corrigé (agent_name/agent_login au lieu de agent_login seul) + indice visuel « déduit ».
A67: 2026-08-14 | B67: 16.4 | C67: Colonnes Dernière modification/Clôturé le (Commandes/Anomalies) | D67: — | E67: Complété | F67: closed_by_nom ajouté à la sérialisation ; closed_by_id posé par on_status_change().
A68: 2026-08-14 | B68: 17.1 | C68: Nouvelle vue Mon Profil (self-service) | D68: — | E68: Complété | F68: PATCH /api/users/me (jwt_required, sans role ADMIN) pour nom/prénom/avatar ; mot de passe via l'endpoint self-service existant.
A69: 2026-08-14 | B69: 5.4 | C69: Baseline formelle de couverture de tests (pytest --cov) | D69: À faire | E69: En cours | F69: 64% global mesure et documente par module ; objectif 80%+ reporte a un chantier dedie futur (decision utilisateur).
A70: 2026-08-14 | B70: 6.1-6.6 | C70: Phase 6 ERP — fondations transverses (flag, ErpConfig, erp_sync_queue, routes settings, erp_client.py, dispatch) | D70: À faire | E70: Complété/En cours | F70: Renommage Odoo->Erp (motif générique du plan). erp-sync-dispatch reste En cours : verrouillage opérationnel, rejeu réel différé Phase 7.
A71: 2026-08-14 | B71: 6.7-6.10 | C71: Ajouts au périmètre Phase 6 (§5 du plan, hors 6 lignes initiales du suivi) | D71: — | E71: Complété/En cours | F71: fake_erp_client.py, flask erp-backfill (squelette), réglages tenant §4.3, accès direct ERP audité §4.4.
